9820	Aberdare	Crown Buildings, Greenbach, Aberdare	CF44 7HU	
10619	Aberdeen Ebury House	Ebury House, 14 Dee Street, Aberdeen	AB11 6DR
9570	Abergavenny	Newbridge House, Tudor Street, Abergavenny	NP7 5EF  
9871	Abertillery	Portland Street, Abertillery	NP13 1YG
9630	Aberystwyth	Alexandra Road, Aberystwyth, Dyfed	SY23 1LA
01773	Abingdon	Torus House, 38-44 Stert Street, Abingdon	OX14 3QS
7620	Accrington	Oak Bank House, Oak Street, Accrington	BB5 1PJ
01568	Acton	Armstrong Road, Acton, London	W3 7JL
10840	Airdrie	44 Stirling Street, Airdrie	ML6 0AH
1516	Aldershot	South Western House, Station Road, Aldershot	GU11 1HP
07698	Alexandra Park	91 Moss Lane East, Moss Side, Manchester	M15 5JB
5770	Alfreton	King Street, Alfreton, Derbyshire	DE55 7AF
10604	Alloa	17 Mar Street, Alloa, Clackmannanshire	FK10 1LX
8600	Alnwick	Roxburgh House, Roxburgh Place Greenbatt, Alnwick, Northumberland	NE66 1JX
1683	Alton	1 - 3 Butts Road, Alton, Hampshire	GU34 1LH
07501	Altrincham	Roberts House, 80 Manchester Road, Altrincham	WA14 4PU
9600	Amlwch	Unit 2, Site 9, Amlwch Business Park, Amlwch, Ynys Mon	LL68 9BQ
9510	Ammanford	Llys Afon, Park Street, Ammanford, Carmarthenshire	SA18 2NT
1542	Andover	Beech Hurst, Weyhill Road, Andover	SP10 3AJ
10530	Annan	Murray Street, Annan	DG12 6JJ
10620	Arbroath	2 Chalmers Street, Arbroath, Scotland	DD11 1PP
5654	Arnold	Civic Centre, Arnot Hill Park, Arnold	NG5 6LT
5665	Ashfield	Urban Rd, Kirkby in Ashfield, Nottinghamshire	NG17 8DA
1820	Ashford	International House, Dover Place, Ashford, Kent	TN23 1HT
8602	Ashington	Government Buildings, Reiverdale Road, Ashington, Northumberland	NE63 9YY
7621	Ashton-in-Makerfield	17-19 Gerard Street, Ashton-in-Makerfield	WN4 9AB
7622	Ashton-Under-Lyne	101 Old Street, Ashton-U-Lyne, Lancs	OL6 6BJ
4646	Atherstone	South Street, Atherstone	CV9 1DR
1775	Aylesbury	Sunley House, Oxford Road, Aylesbury, Buckinghamshire	HP19 8EZ
10502	Ayr	Wallacetoun House, John Street, Ayr, Ayrshire	KA8 0BX
01563	Banbury	Crown Buildings, Southam Road, Banbury	OX16 2EX
10640	Banff	Town House, 34 Low Street, Banff	AB45 1AY
9610	Bangor	322-330 High Street, Bangor	LL57 1YA
9822	Bargoed	Units 3&4, Lowry Plaza, Hanbury Road, Bargoed	CF81 8QT
01611	Barking	Phoenix House, 12 - 14 Wakering Road, Barking, Essex	IG11 8QB
01649	Barnet	Raydean House, 15-17 Western Parade, Barnet, Herts	EN5 1AH
1514	Barnsbury	1 Barnsbury Road, Islington	N1 0EX
06674	Barnsley	Cooper House, 59 Peel Street, Barnsley	S70 2RL
3572	Barnstaple	Princess House, Queen Street, Barnstaple, Devon	EX32 8HD
10880	Barrhead	20 Paisley Road, Barrhead	G78 1NF
8627	Barrow	Craven House, Michaelson Road, Barrow In Furness, Cumbria	LA14 1AE
9823	Barry	9 Holton Road, Barry, Vale of Glamorgan	CF63 4HA
06630	Barton on Humber	King Street, Barton on Humber, North Lincolnshire	DN18 5ER
01593	Basildon	The Basildon Centre, St Martin’s Square, Basildon, Essex	SS14 1FT
1704	Basingstoke	Crown Buildings, Winchester Road, Basingstoke, Hampshire	RG21 8ES
03681	Bath	Somerset Hall, Somerset Street, Bath	BA1 1TS
10891	Bathgate	31-33 Whitburn Road, Bathgate, West Lothian	EH48 1HG
02760	Beccles	1-5 Hungate Court, Hungate, Beccles, Suffolk	NR34 9TR
01881	Bedford	Wyvern House, 53-57 Bromham Road, Bedford	MK40 2EH
8603	Bedlington	Longridge House, Front Street West, Bedlington, Northumberland	NE22 5TL
3739	Bedminster	17-19 Kent Street, Bedminster, Bristol	BS3 3NW
04603	Bedworth	12 High Street, Bedworth, Nuneaton, Warwickshire	CV12 8NF
5652	Beeston	Acacia House, 3 Acacia Walk, Beeston, Nottingham	NG9 2LW
7615	Belle Vale	302 Childwall Valley Road, Liverpool, Merseyside	L25 2UF
10565	Bellshill	417 Main Street, Bellshill, Lanarkshire	ML4 1HT
5773	Belper	54 King Street, Belper, Derbyshire	DE56 1PN
8604	Berwick	Norham House, 15 Walkergate, Berwick Upon Tweed, Northumberland	TD15 1DS
6677	Beverley	Crosskill House, Mill Lane, Beverley	HU17 9JW
01791	Bexhill	Amherst Road, Bexhill on Sea, East Sussex	TN40 1QH
1885	Bexleyheath	186-194 Broadway, Bexleyheath, Kent	DA6 7BB
3573	Bideford	Northbank House, North Road, Bideford	EX39 2NR
1873	Biggleswade	73 High Street, Biggleswade, Beds	SG18 0JH
8538	Billingham	Theatre House, Kingsway, Billingham, Cleveland	TS23 2NA
04562	Bilston	High Street, Bilston	WV14 0DB
07503	Birkenhead	Brunswick House, 29 Price Street, Birkenhead, Wirral, Merseyside	CH41 6JN
04602	Birmingham South West	1300 Bristol Road South, Northfield, Birmingham	B31 2TQ
08822	Bishop Auckland	Vinovium House, Saddler Street, Bishop Auckland	DL14 7BH
3756	Bishopsworth	59 Whitchurch Lane, Bishopsworth, Bristol	BS13 7TE
7628	Blackburn	Orchard House, Penny Street, Blackburn	BB1 6HA
7629	Blackpool	Municipal Buildings, Corporation Street, Blackpool, Lancashire	FY1 1EJ
9872	Blackwood	Vision House, High Street, Blackwood, Gwent	NP12 1BE
10751	Blairgowrie	11-13 Perth Street, Blairgowrie	PH10 6DQ
03770	Blandford	50 East Street, Blandford	DT11 7UE
08823	Blaydon	St Cuthberts Way, Blaydon, Tyne and Wear	NE21 5AD
8605	Blyth	Bridge House, Percy Street, Blyth, Northumberland	NE24 2AQ
3540	Bodmin	71A Fore Street, Bodmin	PL31 2JB
1792	Bognor Regis	Gloucester House, High Street, Bognor Regis, Sussex	PO21 1HH
7641	Bolton	52 Blackhorse Street, Bolton	BL1 1SX
07631	Bootle	Park House, 218 Stanley Road, Bootle, Merseyside	L20 3PN
1683	Bordon	2 - 4 Chalet Hill, Bordon, Hants	GU35 0TQ
1598	Borehamwood	Elstree Way, Borehamwood, Herts	WD6 1JR
5690	Boston	Municipal Buildings, West Street, Boston, Lincolnshire	PE21 8QR
03605	Bournemouth	Tamarisk House, 1 Cotlands Road, Bournemouth	BH1 3BG
1757	Bracknell	Fitzwilliam House, Skimped Hill Lane, Bracknell, Berkshire	RG12 1JX
6701	Bradford Eastbrook Court	50 Vicar Lane, Bradford, West Yorkshire	BD1 5AH
6670	Bradford Westfield House	85 Manningham Lane, Bradford, West Yorkshire	BD1 3BE
01580	Braintree	The Old Post Office, Fairfield Road, Braintree, Essex	CM7 3HA
9501	Brecon	Canal Bank, Brecon	LD3 7HL
01581	Brentwood	Fairfield House, Fairfield Road, Brentwood, Essex	CM14 4SB
9824	Bridgend	Market Street, Bridgend	CF31 1LL
4541	Bridgnorth	Severn Street, Bridgnorth, Shropshire	WV15 6BP
03682	Bridgwater	Hanover House, Northgate, Bridgwater, Somerset	TA6 3HJ
6680	Bridlington	Crown Buildings, Quay Road, Bridlington, East Yorkshire	YO16 4LY
03771	Bridport	1 West Street, Bridport	DT6 3QJ
01793	Brighton	Windsor House, 30-35 Edward Street, Brighton, East Sussex	BN2 0LN
03738	Bristol Temple Street	100 Temple Street, Bristol	BS1 6AG
3575	Brixham	Decca House, 28 New Road, Brixham, Devon	TQ5 8NQ
04604	Broad Street, Birmingham	Centennial House, 100 Broad Street, Birmingham	B15 1AU
07519	Bromborough	Port Causeway House, 1 Port Causeway, Bromborough, Wirral	CH62 4TG
1886	Bromley	Unicorn House, 28 Elmfield Road, Bromley, Kent	BR1 1NX
4720	Bromsgrove	Parkside Market Street, Bromsgrove, Worcestershire	B61 8DA
4565	Brownhills	107 High Street, Brownhills, Walsall	WS8 6HL
10641	Buckie	Shanks Lane, Buckie, Banffshire	AB56 1AF
03541	Bude	Summerleaze Crescent, Bude, Cornwall	EX23 8BT
5651	Bulwell	Sovereign House, Bulwell High Road, Bulwell, Nottingham	NG6 8HX
07632	Burnley	Hammerton Building, Victoria Street, Burnley, Lancashire	BB11 1DD
4567	Burton on Trent	Crown House, New Street, Burton On Trent, Staffordshire	DE14 3SN
7633	Bury	Silver Street, Bury	BL9 0DP
02763	Bury St Edmunds	St Andrews House, St Andrews Street North, Bury St Edmunds, Suffolk	IP33 1TT
7595	Buxton	84-86 Spring Gardens, Buxton, Derbyshire	SK17 6BU
9612	Caernarfon	Government Building, Penrallt, Caernarfon, Gwynedd	LL55 2HN
9826	Caerphilly	Castle Street, Caerphilly, Mid Glam	CF83 1UA
9571	Caldicot	66 Newport Road, Caldicot, Gwent	NP26 4BR
1710	Camberley	Surrey Heath House, Knoll Road, Camberley, Surrey	GU15 3HH
2743	Cambridge	Henry Giles House, 73 - 79 Chesterton Road, Cambridge, Cambridgeshire	CB4 3BQ
10842	Cambuslang	Cambuslang Gate, 27 Main Street, Cambuslang, Glasgow	G72 7HB
10630	Campbeltown	Government Buildings, 40 Hall Street, Campbeltown, Argyll	PA28 6BZ
1701	Canning Town	Kilner House, 197 Freemasons Road, Canning Town, London	E16 3PD
4568	Cannock	Government Buildings, Beecroft Road, Cannock, Staffordshire	WS11 1JR
1822	Canterbury	Northgate House, 115-120 Northgate, Canterbury, Kent	CT1 1EZ
1601	Canvey Island	140 Furtherwick Road, Canvey Island, Essex	SS8 7AL
9504	Cardiff Alexandra House	377 Cowbridge Rd East, Canton, Cardiff	CF5 1WU
9828	Cardiff Charles Street	64 Charles St, Cardiff, S Wales	CF10 2GS
9631	Cardigan	Crown Buildings, Napier St, Cardigan	SA43 1EF
8504	Carlisle	Broadacre House, 16-20 Lowther Street, Carlisle, Cumbria	CA3 8DA
9512	Carmarthen	John Street, Carmarthen	SA31 1QT
6683	Castleford	Centurion House, Bank Street, Castleford, West Yorkshire	WF10 1HY
10859	Castlemilk	Unit 1, Castlemilk Arcade, Castlemilk, Glasgow	G45 9AA
1823	Chatham	Crown House, The Brook, Chatham, Kent	ME4 4LQ
7554	Cheetham Hill	36 Crescent Road, Manchester, Manchester	M8 9DQ
1584	Chelmsford	The Gemini Centre, 88 New London Road, Chelmsford, Essex	CM2 0PD
04605	Chelmsley Wood	1 Chelmsley Circle, Chelmsley Wood, Birmingham	B37 5TH
03737	Cheltenham	7 North Street, Cheltenham	GL50 4DJ
9576	Chepstow	Station Road, Chepstow, Gwent	NP16 5UL
1778	Chesham	31 Red Lion Street, Chesham, Buckinghamshire	HP5 1LD
07505	Chester	Chantry House, 55-57 City Road, Chester	CH1 3AQ
08824	Chester-Le-Street	Station Road, Chester-Le-Street, County Durham	DH3 3AB
05774	Chesterfield	Markham House, Markham Road, Chesterfield	S40 1TG
1795	Chichester	5 Southgate, Chichester, West Sussex	PO19 8EH
03803	Chippenham	Cyppa Court, Avenue La Fleche, Chippenham	SN15 3LH
7637	Chorley	Hamilton Road, Chorley	PR7 2HB
03753	Cinderford	Foundry Road, Cinderford, Gloucestershire	GL14 2JU
03746	Cirencester	Jobcentre Plus Council Offices, Trinity Road, Cirencester, Gloucester	GL7 1TE
1585	Clacton	55 Station Road, Clacton On Sea, Essex,	CO15 1RS
3686	Clevedon	Ground Floor, Castlewood, Tickenham Road, Clevedon	BS21 6FW
7639	Clitheroe	Church Walk, Clitheroe, Lancashire	BB7 2RA
10822	Clydebank	Radnor House, 245 Kilbowie Road, Clydebank	G81 2JL
5811	Coalville	Crown House, Whitwick Road, Coalville, Leicestershire	LE67 3FB
1570	Colchester	40 Chapel Street South, Colchester, Essex	CO2 7AZ
03747	Coleford	Forest of Dean District Council Offices, High Street, Coleford	GL16 8FG
9643	Colwyn	Princess Park 2, Princess Drive, Colwyn Bay	LL29 8PL
7506	Congleton	Wagg Street, Congleton, Cheshire	CW12 4BD
08827	Consett	5A Medomsley Road, Consett	DH8 5HE
05520	Corby	Thoroughsale House, George Street, Corby, Northants	NN17 1PH
1850	Cosham	Wynnstay House, 121 High Street, Cosham	PO6 3DR
4638	Coventry Cofa Court	Cheylesmore, Coventry	CV1 2HJ
10683	Cowdenbeath	6 Pit Road, Cowdenbeath	KY4 9NQ
8611	Cramlington	17/19 Dudley Court, Manor Walks Shopping Centre, Cramlington, Northumberland	NE23 6QW
1796	Crawley	Gresham House, 20-22 Station Road, Crawley, West Sussex	RH10 1EZ
07533	Crewe	Wellington House, 38-44 Delamere Street, Crewe, Cheshire	CW1 2JY
2543	Cromer	North Norfolk District Council Offices, Holt Road, Cromer, Norfolk	NR27 9EN
08828	Crook	New Road, Crook, Co Durham	DL15 8LP
07668	Crosby	Hougoumont House, 29 Hougoumont Avenue, Crosby, Liverpool	L22 0PB
01729	Croydon	Bernard Weatherill House, 8 Mint Walk, Croydon	CR0 1EA
10821	Cumbernauld	3 South Muirhead Road, Cumbernauld, Glasgow	G67 1AX
10504	Cumnock	33-34 Townhead Street, Cumnock	KA18 1JZ
10684	Cupar	7 Westport, Cupar	KY15 4AN
09882	Cwmbran	42 Gwent Square, Cwmbran, Gwent	NP44 1PL
10570	Dalkeith	7 Buccleuch Street, Dalkeith	EH22 1HB
8529	Darlington	Bondgate House, 90 Bondgate, Darlington	DL3 7JY
1825	Dartford	61 Lowfield Street, Dartford, Kent	DA1 1JY
05521	Daventry	Civic Offices, Lodge Road, Daventry, Northamptonshire	NN11 4FP
5533	Derby City	Council House, Corporation Street, Derby	DE1 2FU
2544	Dereham	Breckland District Council Offices, Elizabeth House, Walpole Loke, Norfolk	NR19 1EE
03795	Devizes	Maryport Street, Devizes, Wiltshire	SN10 1AE
03580	Devonport	Queens House, St Levan Road, Devonport	PL2 3BD
06685	Dewsbury	Crown Building, Rishworth Road, Dewsbury, West Yorkshire,	WF12 8EF
01758	Didcot	130 The Broadway, Didcot	OX11 8DB
07718	Didsbury	Danesmoor Court, 95-97 Palatine Road, West Didsbury	M20 3JQ
10764	Dingwall	3 High Street, Ross-Shire	IV15 9HL
6763	Dinnington	4 Church Lane, Dinnington, Sheffield	S25 2LZ
2545	Diss	Church Street, Diss, Norfolk	IP22 4AX
9618	Dolgellau	Government Building, Arran Road, Dolgellau, Gwynedd	LL40 1BP
06699	Doncaster	Crossgate House, Wood Street, Doncaster, South Yorkshire	DN1 3LL
01827	Dover	72-75 Maison Dieu Road, Dover, Kent	CT16 1NN
10550	Drumchapel	67 Kinfauns Drive, Drumchapel, Glasgow	G15 7TG
04722	Dudley	Alexander House, 32 Wolverhampton Street, Dudley, West Midlands	DY1 1JR
10823	Dumbarton	15 Meadowbank Street, Dumbarton, Dumbartonshire	G82 1SJ
10531	Dumfries	67-75 Irish Street, Dumfries	DG1 2NU
10624	Dundee Wellgate	Wellgate House, Wellgate Centre, Dundee	DD1 2DB
10685	Dunfermline	Merchiston House, Foundry Street, Dunfermline, Fife	KY12 9DF
10631	Dunoon	George Street, Dunoon, Argyll	PA23 8BB
1874	Dunstable	Watling House, High Street North, Dunstable, Bedfordshire	LU6 1LF
8831	Durham	Elvet House, Hallgarth Street, Durham	DH1 3BP
01571	Ealing	86-92 Uxbridge Road, West Ealing, London	W13 8RA
10845	East Kilbride	55 The Plaza, Town Centre, East Kilbride	G74 1LW
01798	Eastbourne	St Annes House, 2 St Annes Road, Eastbourne, East Sussex	BN21 3XX
01707	Eastleigh	Capital House, 100 Southampton Road, Eastleigh, Hampshire	SO50 5PB
9877	Ebbw Vale	Ty Gantre, Civic Centre, Ebbw Vale, Gwent	NP23 6XG
7647	Eccles	Sentinel House, Monton Road, Eccles, Manchester	M30 0NA
01549	Edmonton	112-116 Fore Street, Edmonton, London	N18 2XA
10730	Elgin	21 Trinity Road, Elgin, Scotland	IV30 1RJ
07508	Ellesmere Port	1-3 Mercer Walk, The Port Arcades, Ellesmere Port, Cheshire	CH65 0AP
2742	Ely	52 Market Street, Ely	CB7 4LU
01532	Enfield	34 Windmill Hill, Enfield, Middlesex	EN2 7AL
1730	Epsom	50 East Street, Epsom	KT17 1HQ
04645	Erdington	37 Sutton New Road, Erdington, Birmingham, West Midlands	B23 6TD
8794	Eston	Hadrian House, 81 High Street, Eston, Middlesbrough	TS6 9EH
7610	Everton	Premier House, 95 Breckfield Road North, Everton, Liverpool	L5 4NQ
4723	Evesham	Evesham Contact Centre, Abbey Road, Evesham	WR11 4SB
3579	Exeter	Clarendon House, Western Way, Exeter, Devon	EX1 2DA
10652	Eyemouth	Upper Houndlaw, Eyemouth	TD14 5BS
2547	Fakenham	Fakenham Connect, Oak Street, Fakenham, Norfolk	NR21 9DY
10792	Falkirk	10B Wellside Place, Falkirk	FK1 5SE
1744	Fareham	Crown Buildings, Civic Way, Fareham, Hants	PO16 7HR
1604	Farnborough	Princeton House, 1-5 Victoria Road, Farnborough, Hampshire	GU14 7NT
2766	Felixstowe	29-31 Hamilton Road, Felixstowe, Suffolk	IP11 7AZ
1512	Finsbury Park	52-53 Medina Road, Finsbury Park, London	N7 7JY
7754	Fleetwood	Roskell House, 11 - 27 Kemp Street, Fleetwood, Lancashire	FY7 6JX
09661	Flint	Flintshire Connects, Chapel Street, Flint	CH6 5BD
1829	Folkestone	Palting House, Trinity Road, Folkestone, Kent	CT20 2RH
1566	Forest Hill	Heron House, 32-34 Dartmouth Road, Forest Hill, LONDON	SE23 3XU
10625	Forfar	Service Road, Forfar, Angus	DD8 3HY
10731	Forres	Tytler Street, Forres	IV36 1EL
10701	Fort William	Charles Kennedy Building, Achintore Road, Fort William	PH33 6RQ
10612	Fraserburgh	2-4 South Harbour Road, Fraserburgh	AB43 9RZ
03689	Frome	7-10 Kingsway Precinct, Frome, Somerset	BA11 1QW
01522	Fulham	Waterford House, 1-7 Waterford Road, London	SW6 2DL
5634	Gainsborough	West Lindsey District Council, Guildhall, Marshalls Yard, Lincolnshire	DN21 2NA
10780	Galashiels	New Reiver House, High Street, Galashiels, Selkirkshire	TD1 1TD
7652	Garston	Speke Road, Garston, Liverpool	L19 2JZ
08835	Gateshead	Shildon House, High Street, Gateshead	NE8 1AS
10507	Girvan	Carrick Buildings, 20A Henrietta Street, Girvan	KA26 9AL
10687	Glenrothes	3 Postgate, Glenrothes	KY7 5LL
7597	Glossop	Howard Street, Glossop, Derbyshire	SK13 7DF
3749	Gloucester	Cedar House, Spa Road, Gloucester	GL1 1XL
6692	Goole	Mulberry House, North Street, Goole, East Yorkshire	DN14 5QB
09532	Gorseinon	42-44 Lime Street, Gorseinon	SA4 4EH
1612	Gosport	1 Walpole Road, Gosport	PO12 1RR
10549	Govan	779/787 Govan Road, Govan, Glasgow	G51 3JY
10793	Grangemouth	13/15 Charlotte Dundas Court, Grangemouth, Stirlingshire	FK3 9EA
05692	Grantham	Crown House, 49A Castlegate, Grantham	NG31 6SY
1831	Gravesend	44-46 The Grove, Gravesend, Kent	DA12 1DF
01606	Grays	2 Derby Road, Grays, Essex	RM17 6QQ
02548	Great Yarmouth	Copperfield House, The Conge, Great Yarmouth, Norfolk	NR30 1EJ
10501	Greenock	99 Dalrymple Street, Greenock	PA15 1QL
06636	Grimsby	Bridge House, 225 Victoria Street, Grimsby, North East Lincolnshire	DN31 1NH
1715	Guildford	Leys House, 86 - 88 Woodbridge Road, Guildford, Surrey	GU1 4QD
8783	Guisborough	Nathan House, Northgate, Guisborough, Cleveland	TS14 6JS
6690	Guiseley	Alva House, Otley Road, Guiseley, Leeds	LS20 8AF
1511	Hackney	271 Mare Street, Hackney, London	E8 1EE
04724	Halesowen	Maybrook House, Queensway, Halesowen, West Midlands	B63 4AH
06695	Halifax	Crossfield House, St James Road, Halifax	HX1 1PE
10850	Hamilton	Cameronian House, Almada Street, Hamilton, Lanarkshire	ML3 0EH
04607	Handsworth	Temple Row House, 25-45 Soho Road, Handsworth, Birmingham	B21 9SL
4574	Hanley	91 Upper Huntbach Street, Hanley, Stoke On Trent, Staffordshire	ST1 2BX
1529	Harlesden	161-163 High Street, Harlesden House, Harlesden, London	NW10 4TL
01589	Harlow	Beaufort House, Crown Gate, Essex,	CM20 1NA
06696	Harrogate	Berkeley House, 35 Victoria Avenue, Harrogate, North Yorkshire	HG1 5PZ
1865	Harrow	Kings House, Clarendon Road, Harrow, Middlesex	HA1 1YJ
08856	Hartlepool	Ward Jackson House, Wesley Square, Hartlepool	TS24 8EZ
1590	Harwich	164-168 High Street, Dovercourt, Harwich, Essex	CO12 3AT
01748	Hastings	Heron House, 149-159 London Road, St Leonards, Hastings, East Sussex	TN37 6LJ
01675	Hatfield	Black Horse House, Salisbury Square, Old Hatfield, Herts	AL9 5AF
1617	Havant	2 Elmleigh Road, Havant, Hants	PO9 2AR
9591	Haverfordwest	16-20 Quay Street, Haverfordwest	SA61 1BH
02770	Haverhill	Haverhill House, Lower Downs Slade, Haverhill, Suffolk	CB9 9EE
10770	Hawick	5-9 North Bridge Street, Hawick	TD9 9RH
1535	Hayes	Adam House, 818-820 Uxbridge Road, Hayes, Middlesex	UB4 0RS
1802	Haywards Heath	Kingsley House, 31 Boltro Road, Haywards Heath, West Sussex	RH16 1BP
5778	Heanor	Howitt Buildings, High Street, Heanor, Derbyshire	DE75 7EZ
10824	Helensburgh	5-7 Charlotte Street, Helensburgh, Scotland,	G84 7PH
3548	Helston	Helston Library, Trengrouse Way, Helston	TR13 8AG
1666	Hemel Hempstead	Government Building, 1 Waterhouse Street, Hemel Hempstead, Hertfordshire	HP1 1EX
6736	Hemsworth	Low Hall, Market Street, Hemsworth	WF9 4HP
01536	Hendon	10 Finchley Lane, Hendon, London	NW4 1DP
4701	Hereford	Blueschool House, Blueschool Street, Hereford, Herefordshire	HR1 2LX
1755	Hertford	12-14 Parliament Square, Hertford, Hertfordshire,	SG14 1EF
6700	Hessle	26 The Weir, Hessle	HU13 0RX
8606	Hexham	St Andrews House, Haugh Lane, Hexham, Northumberland	NE46 3NF
7656	Heywood	Taylor Street, Heywood, Lancs	OL10 1ED
10578	High Riggs	20 High Riggs, Edinburgh	EH3 9HU
1780	High Wycombe	Aria House, 80 Oxford Road, High Wycombe, Buckinghamshire,	HP11 2DN
05812	Hinckley	Hinckley Hub, Rugby Road, Hinckley, Leicestershire	LE10 0FR
9602	Holyhead	The Old Vicarage, Newry Street, Holyhead, Anglesey	LL65 1DB
3583	Honiton	128 High Street, Honiton	EX14 1JP
3763	Horfield	1-15 Monks Park Avenue, Bristol	BS7 0UD
1803	Horsham	Marlborough House, 50 East Street, Horsham	RH12 1HN
8840	Houghton-le-Spring	Broadway House, Frederick Place, Houghton-Le-Spring, Tyne and Wear	DH4 4DL
01537	Hounslow	10 Montague Road, Hounslow, Middlesex	TW3 1LL
01797	Hove	Boundary House, 87a Boundary Road, Hove, East Sussex	BN3 7GA
1519	Hoxton	30 Drysdale Street, London	N1 6LT
06712	Huddersfield	Castle House, Market Street, Huddersfield	HD1 2NE
6727	Hull West Britannia House	2 Ferensway, Hull	HU2 8NF
2752	Huntingdon	Pathfinder House, St Mary's Street, Huntingdon	PE29 3PB
7690	Huyton	Edendale House, Lathom Road, Liverpool	L36 9XS
7511	Hyde	Beech House, New Beech Street, Hyde, Cheshire	SK14 2LS
1669	Hythe	15-17 Pylewell Road, Hythe, Southampton	SO45 6ZL
05779	Ilkeston	58 South Street, Ilkeston, Derbyshire	DE7 8TU
06511	Immingham	Immingham Civic Centre, Pelham Road, Immingham, North East Lincolnshire	DN40 1QF
10761	Invergordon	43 High Street, Invergordon	IV18 0DG
10702	Inverness	River House, Young Street, Inverness	IV3 5BP
2772	Ipswich	St Felix House, Silent Street, Ipswich, Suffolk	IP1 1TF
7659	Irlam	Irlam Library, Hurst Fold, Liverpool Road, Irlam	M44 6FD
10808	Irvine	121 High Street, Irvine, Ayrshire	KA12 8AA
8841	Jarrow	56-64 Ellison Street, Jarrow, Tyne and Wear	NE32 3BX
10882	Johnstone	11 Floors Street, Johnstone	PA5 8QT
6708	Keighley	Worth House, Worth Way, Keighley, West Yorkshire	BD21 5AG
8576	Kendal	Kentmere House, 1 Blackhall Road, Kendal, Cumbria	LA9 4BS
01684	Kennington Park	206-210 Kennington Park Road, London	SE11 4DE
1560	Kentish Town	178 Kentish Town Road, Kentish Town, London	NW5 2AG
5524	Kettering	Derbyshire House, Lower Street, Kettering, Northamptonshire	NN16 8BG
4725	Kidderminster	Kidderminster Library, Market Street, Kidderminster, Worcestershire	DY10 1AB
4576	Kidsgrove	The Avenue, Kidsgrove, Stoke-On-Trent	ST7 1AH
10809	Kilbirnie	Walker Street, Kilbirnie	KA25 6HL
8890	Killingworth	Units 23 / 24, The Centre, Killingworth, Newcastle Upon Tyne, North Tyneside	NE12 6YT
10812	Kilmarnock	17 Grange Street, Kilmarnock, Ayrshire, Scotland	KA1 2DF
2552	King’s Lynn	Kings Lynn & West Norfolk Borough Council, Kings Court, Chapel Street, Kings Lynn	PE30 1EX
04503	Kings Heath	3 Scots Corner, Institute Road, Kings Heath, Birmingham	B14 7EG
1731	Kingston	Guildhall 2, High Street, Kingston-upon-Thames	KT1 1EU
3751	Kingswood	382-386 Two Mile Hill Road, Kingswood, Bristol	BS15 1BZ
7672	Kirkby	St Chads House, St Chads Drive, Kirkby, Liverpool	L32 8RW
10688	Kirkcaldy	5 Hunter Street, Kirkcaldy, Fife	KY1 1ED
10825	Kirkintilloch	Queen Street, Kirkintilloch, Glasgow	G66 1JN
10607	Kirkwall	Government Buildings, Tankerness Lane, Kirkwall, Orkney	KW15 1AJ
10852	Lanark	South Lanarkshire Council, Council Offices, South Vennel, Lanark	ML11 7JT
07661	Lancaster	Mitre House, Church Street, Lancaster	LA1 1JW
03549	Launceston	11 Tower Street, Launceston, Cornwall	PL15 8BQ
10553	Laurieston	181 Pollockshaws Road, Glasgow	G41 1PW
4610	Leamington Spa	Brandon House, Holly Walk, Leamington Spa, Warwickshire	CV32 4JE
6653	Leeds Eastgate	35 Eastgate, Leeds	LS2 7RE
6718	Leeds Park Place	21-22 Park Place, Leeds	LS1 2SL
6725	Leeds Southern House	Southern House, 529 York Road, Leeds	LS9 6TF
5818	Leicester Charles Street	2 Charles Street, Leicester	LE1 3JD
5817	Leicester New Walk	2A New Walk, Leicester	LE1 6TF
5820	Leicester Wellington Street	Crown Buildings, 60 Wellington Street, Leicester	LE1 6DS
7662	Leigh	Raydale House, 2 - 10 Windermere Road, Leigh, Lancashire	WN7 1UT
1875	Leighton Buzzard	Bossard House, West Street, Leighton Buzzard, Bedfordshire	LU7 1DA
2773	Leiston	Leiston Enterprise Centre, Eastlands Ind Estate, Leiston, Suffolk	IP16 4US
10573	Leith	199 Commercial Street, Leith, Edinburgh	EH6 6QP
4704	Leominster	Lion Court, Leominster, Herefordshire	HR6 8JE
10608	Lerwick	Charlotte House, Commercial Road, Lerwick	ZE1 0LQ
1676	Letchworth	The Peoples House, 2 Station Road, Letchworth, Garden City, Hertfordshire	SG6 3AZ
10690	Leven	9 Waggon Road, Leven	KY8 4PT
1804	Lewes	Medwyn House, Mountfield Road, Lewes, East Sussex	BN7 2XR
7664	Leyland	Leyland Civic Centre, West Paddock, Leyland	PR25 1DH
04578	Lichfield	Guardian House, Birmingham Road, Lichfield	WS13 6JG
5694	Lincoln Orchard Street	City Hall, Orchard Street, Lincoln, Lincolnshire	LN1 1YZ
03550	Liskeard	Luxstowe House, Greenbank Road, Liskeard	PL14 3GL
1805	Littlehampton	33 Church Street, Littlehampton, West Sussex	BN17 5ER
07719	Liverpool City	One Stop Shop, St George's Way, St John's Precinct, Liverpool	L1 1LY
10872	Livingston	Unit 15 & 16B, The Centre, Almondvale South, Livingston	EH54 6NQ
9691	Llandrindod Wells	Automobile Palace, Princes Avenue, Llandrindod Wells, Powys	LD1 5HU
9615	Llandudno	29-31 Chapel Street, Llandudno	LL30 2SS
9516	Llanelli	58 Stepney Street, Llanelli, Carmarthenshire	SA15 3TN
9603	Llangefni	Government Buildings, Bridge Street, Llangefni, YNYS MON	LL77 7YJ
9845	Llantrisant	17 Ely Valley Road, Talbot Green, Pontyclun, Mid Glamorgan	CF72 8AL
8785	Loftus	52-53 West Road, Loftus, Saltburn-by-the-Sea, Cleveland	TS13 4RF
01503	London Bridge	Coburg House, 63-67 Newington Causeway, London	SE1 6LS
05780	Long Eaton	Fletcher Street, Long Eaton, Nottingham	NG10 1JU
4579	Longton	83 - 87 The Strand, Longton, Stoke - On - Trent, Staffordshire	ST3 2PF
5813	Loughborough	Charnwood Borough Council, Southfield Road, Loughborough	LE11 2TX
1708	Loughton	284 High Road, Loughton	IG10 1RH
5640	Louth	17 Eastgate, Louth, Lincolnshire	LN11 9NB
02774	Lowestoft	Rishton House, Clapham Road, Lowestoft	NR32 1RL
1880	Luton	Cheviot House, 55 Guilford Street, Luton	LU1 2ER
1712	Lymington	Cannon Court, Lymington, Hants	SO41 9AQ
7514	Macclesfield	30 King Edward Street, Macclesfield	SK10 1AE
9681	Machynlleth	43-45 Maengwyn Street, Machynlleth, Powys	SY20 8EB
9834	Maesteg	12-16 Commercial Street, Maesteg, Bridgend, Mid Glamorgan	CF34 9DF
1760	Maidenhead	3 Park Street, Maidenhead, Berkshire	SL6 1SP
1834	Maidstone	Maidstone Link, King Street, Maidstone	ME14 1FW
6711	Maltby	Abbey Court, 1 Grange Lane, Maltby	S66 7DA
4726	Malvern	Malvern Library, Graham Road, Worcestershire	WR14 2HU
5658	Mansfield	Mansfield District Council, Civic Centre, Chesterfield Road South, Mansfield, Nottinghamshire	NG19 7BH
01835	Margate	Mill House, Mill Lane, Margate	CT9 1LB
4507	Market Drayton	51 Stafford St, Market Drayton, Shropshire	TF9 1JF
05814	Market Harborough	The Symington Building, Adam And Eve Street, Market Harborough, Leicestershire	LE16 7LT
5781	Matlock	The Phoenix Centre, 2 Lime Grove Walk, Matlock, Derbyshire	DE4 3FD
05815	Melton Mowbray	Parkside, Station Approach, Burton Street, Melton Mowbray, Leicestershire	LE13 1GH
9835	Merthyr Tydfil	Ty Bethesda, Avenue De Clichy, Merthyr Tydfil, Mid Glamorgan	CF47 8AS
06713	Mexborough	Crown Buildings, Adwick Road, Mexborough, South Yorkshire	S64 0BD
8787	Middlesbrough East	Beresford Buildings, The Greenway, Thorntree, Middlesbrough	TS3 9NB
8788	Middlesbrough James Cook House	79 Corporation Road, Middlesbrough	TS1 2BA
7680	Middleton	Othen House, 7 Oldham Road, Middleton, Lancashire	M24 1BX
2776	Mildenhall	Forest Heath District Council, College Heath Road, Mildenhall, Suffolk	IP28 7EY
9592	Milford Haven	Suite 4A, Cedar Court, Havenshead Business Park, Milford Haven, Pembrokeshire	SA73 3LS
1786	Milton Keynes	Southgate House, 499 Midsummer Blvd, Milton Keynes	MK9 3BN
03696	Minehead	17 The Avenue, Minehead, Somerset	TA24 5XZ
01631	Mitcham	Boundary House, 317 - 321 London Road, Mitcham, Surrey	CR4 4YF
09663	Mold	St David'S Lane, Mold, Flintshire	CH7 1LH
10627	Montrose	Castlestead, 4 Castle Place, Montrose	DD10 8AL
07681	Morecambe	Heron House, 67 Queen Street, Morecambe, Lancashire	LA4 5HW
6715	Morley	High Point House, 88 Queen Street, Morley	LS27 9EB
8607	Morpeth	Fountain House, Newmarket, Morpeth, Northumberland	NE61 1LA
09536	Morriston	Oldway House, Clase Road, Morriston, West Glamorgan	SA6 8BT
10856	Motherwell	Flemington House, 600 Windmillhill Street, Lanarkshire	ML1 2HN
10575	Musselburgh	North House, Eskmills Park, Station Road, Musselburgh	EH21 7DU
09839	Neath	1 Windsor Road, Neath, West Glamorgan	SA11 1LY
7683	Nelson	14-16 Netherfield Rd, Nelson, LANCS	BB9 9AW
7518	Neston	Neston Community and Youth Centre, Burton Road, Neston, Cheshire	CH64 9RE
5660	Newark	Castle House, Great North Road, Newark, Nottinghamshire	NG24 1BY
01761	Newbury	Cromwell House, 22 Oxford Street, Newbury, Newbury	RG14 1JB
08884	Newcastle City	No1 Cathedral Square, Cloth Market, Newcastle Upon Tyne	NE1 1EE
08888	Newcastle East	Coquet House, Clifford Street, Byker, Newcastle Upon Tyne	NE6 1PH
4580	Newcastle-under-Lyme	Paradise Street, Newcastle Under Lyme, Staffordshire	ST5 1RS
1807	Newhaven	55 High Street, Newhaven, East Sussex	BN9 9PA
10545	Newlands	8 Coustonholm Road, Glasgow	G43 1SS
2775	Newmarket	Wellington Street, Newmarket, Suffolk	CB8 0WJ
09880	Newport Gwent	2-6 Charles Street, Newport, Gwent	NP20 1JR
1677	Newport Isle of Wight	Broadlands House, Staplers Road, Newport, Isle of Wight	PO30 2HX
3551	Newquay	32 East Street, Newquay	TR7 1BY
3588	Newton Abbot	Forde House, Brunel Road, Newton Abbot	TQ12 4FS
8825	Newton Aycliffe	The Avenue, Greenwell Road, Newton Aycliffe, Co Durham	DL5 4DH
07684	Newton Heath	1009 Oldham Road, Manchester	M40 2EP
9682	Newtown	Afon House, The Park, Newtown, Powys	SY16 2PZ
01506	North Kensington	Unit 308 - 312, Quayside House, Kensal Road, London	W10 5BE
8885	North Shields	Camden Street, North Shields, Tyne and Wear	NE30 1ND
2554	North Walsham	GPO Buildings, 10 Kings Arms Street, North Walsham, Norfolk	NR28 9JX
06788	Northallerton	Elder House, East Road, Northallerton, North Yorkshire	DL6 1NU
5526	Northampton	Frances House, 21 Lower Mounts, Northampton	NN1 3LY
07520	Northwich	17-21 London Road, Northwich	CW9 5JQ
2555	Norwich	Kiln House, Side Entrance, St Lawrence Lane off Pottergate, Norwich	NR2 1BZ
5664	Nottingham Central	Pearson Building, 55-57 Parliament St, Nottingham, Nottinghamshire	NG1 6AX
5681	Nottingham Loxley House	Loxley House, Station Street, Nottingham, Nottinghamshire	NG2 3QD
04611	Nuneaton	Mill House, Mill Walk, Nuneaton, Warwickshire	CV11 4DL
10633	Oban	Mathieson House, 1 Miller Road, Oban, Argyll	PA34 4AF
4727	Oldbury	1 Church Street, Oldbury, Warley, West Midlands	B69 3AD
07685	Oldham	Tweedale House, 75 Union Street, Oldham, Manchester	OL1 1LH
07686	Openshaw	Cornwall Street, Openshaw, Manchester	M11 2WR
07687	Ormskirk	31A Church Street, Ormskirk, Lancashire	L39 3QT
4550	Oswestry	27 Oswald Road, Oswestry	SY11 1DZ
01687	Oxford	7 Worcester Street, Oxford	OX1 2BX
10883	Paisley	49A High Street, Paisley, Renfrewshire	PA1 2AN
01558	Palmers Green	28 Aldermans Hill, Palmers Green	N13 4PN
10558	Partick	20 Benalder Street, Partick	G11 6QN
01555	Peckham	24-26 Peckham High Street, Peckham, London	SE15 5DS
9894	Pembroke Dock	23 Gordon Street, Pembroke Dock	SA72 6EP
9841	Penarth	Charnwood House, Plymouth Road, Penarth	CF64 3DA
10576	Penicuik	25 John Street, Penicuik, Midlothian	EH26 8HN
8511	Penrith	19-24 Friargate, Penrith	CA11 7QH
3545	Penryn	Penmarin House, Commercial Road, Penryn, Cornwall	TR10 8SB
3552	Penzance	Branwell House, Clarence Street, Penzance, Cornwall	TR18 2NP
04564	Perry Barr	Meridian House, 115 Aston Lane, Perry Barr, Birmingham	B20 3BW
10755	Perth	60-62 High Street, Perth	PH1 5TH
02756	Peterborough	45 Bridge St, Peterborough, Cambs	PE1 1HA
10615	Peterhead	63 St Peter Street, Peterhead	AB42 1UX
08839	Peterlee	Hatfield House, St. Cuthbert's Road, Peterlee, Co. Durham	SR8 1PB
03592	Plymouth	Old Tree Court, 64 Exeter Street, Plymouth, Devon	PL4 0AJ
6722	Pontefract	Challand House, Liquorice Way, Pontefract, West Yorkshire	WF8 1DR
09883	Pontypool	Park Road, Pontypool, Torfaen	NP4 6XQ
9847	Pontypridd	Oldway House, Broadway, Pontypridd, Mid Glam	CF37 4SP
03758	Poole	Old Town Market, Dearhay Lane, Poole, Dorset	BH15 1NZ
01517	Poplar	13 Dod Street, Poplar, London	E14 7EP
09503	Port Talbot	64-66 Station Road, Port Talbot, West Glamorgan	SA13 1LX
9838	Porth	35 Hannah Street, Porth	CF39 9RB
9549	Porthcawl	Dock Street, Porthcawl, Mid Glamorgan	CF36 3BL
9618	Porthmadog	Thedford House, High Street, Porthmadog, Gwynedd	LL49 9LS
10703	Portree	Bayfield Road, Isle of Skye	IV51 9EN
1685	Portsmouth	Old Canal House, 27 Arundel Street, Portsmouth, Hampshire	PO1 1NB
7757	Preston	Gateway House, 200 Ringway, Preston	PR1 2ER
7694	Prestwich	1 Rectory Lane, Prestwich, Manchester	M25 1BP
6769	Pudsey	Century House, Church Lane, Pudsey, Leeds	LS28 7RQ
01567	Purley	24 Whytecliffe Road South, Purley, Surrey	CR8 2YU
9013	Pwllheli	Lower Cardiff Road, Pwllheli	LL53 5BY
01836	Ramsgate	Queens House, Queens Street, Ramsgate, Kent	CT11 9EW
7697	Rawtenstall	Bacup Road, Rawstenstall	BB4 7NH
1594	Rayleigh	10 London Hill, Rayleigh	SS6 7HR
01763	Reading	Adelphi House, Friar Street, Reading	RG1 1HD
1602	Redbridge	Dunne House,564-570 High Road, Seven Kings, Ilford	IG3 8EJ
8790	Redcar	Portland House, West Dyke Road, Redcar, Cleveland	TS10 1DH
04747	Redditch	Redditch Library, 15 Market Place, Redditch	B98 8AR
1718	Redhill	15 London Road, Redhill, Surrey	RH1 1BQ
3554	Redruth	Piran House, Nettells Hill, Redruth	TR15 1JN
10885	Renfrew	5 High Street, Renfrew	PA4 8QL
05662	Retford	23A Grove Street, Retford, Notts	DN22 6JR
9664	Rhyl	80 High Street, Rhyl, Denbighshire, DENBIGHSHIRE	LL18 1UU
06791	Richmond	Victoria Road, Richmond, North Yorkshire	DL10 4AS
3504	Ringwood	20-22 Southampton Road, Ringwood, Hampshire	BH24 1HY
7616	Rochdale	2 Fleece Street, Rochdale	OL16 1LT
1636	Romford	Crown House, 30 Main Road, Romford, Essex	RM1 3HH
4705	Ross-On-Wye	The Library, Cantilupe Road, Ross on Wye	HR9 7AN
6724	Rotherham	Chantry House, Douglas Street, Rotherham,	S60 2DL
10603	Rothesay	9 King Street, Rothesay	PA20 0DF
04612	Rugby	Kingsforth House, 44 Albert Street, Rugby, Warwickshire	CV21 2TD
07553	Runcorn	Unit 2, The Link Building, Andrew House, Runcorn Shopping Centre, Runcorn, Cheshire	WA7 2FQ
5529	Rushden	71 Rectory Road, Rushden, Northants	NN10 0AF
07555	Rusholme	96 Wilmslow Road, Rusholme, Manchester	M14 5BJ
10858	Rutherglen	3 Macdonald Street, Rutherglen	G73 2QW
1691	Ryde	150 High Street, Ryde, Isle Of Wight	PO33 2RE
06515	Ryedale	Norton Road, Malton, North Yorkshire	YO17 9RD
7703	Salford	2 Paddington Close, Salford, Lancashire	M6 5PL
03800	Salisbury	Summerlock House, Summerlock Approach, Salisbury, Wiltshire	SP2 7RW
10801	Saltcoats	13 Dockhead Street, Saltcoats	KA21 5EZ
6793	Scarborough	Albion House, Northway, Scarborough	YO12 7AN
06645	Scunthorpe	Crown Buildings, Laneham Street, Scunthorpe, North Lincolnshire	DN15 6JT
6652	Seacroft	Parkway House, North Parkway, Seacroft, Leeds	LS14 6UZ
08845	Seaham	Church View House, St Johns Square, Seaham, Co Durham	SR7 7JE
6728	Selby	Flaxley Chambers, Flaxley Road, Selby	YO8 3BH
04633	Selly Oak	Harborne Lane, Selly Oak, Birmingham, West Midlands	B29 6SP
01839	Sheerness	3 Millennium Way, Sheerness	ME12 1PD
6731	Sheffield Bailey Court	112 West Street, Sheffield	S1 3SY
6666	Sheffield Cavendish Court	9 Bank Street, Sheffield	S1 2DR
6684	Sheffield Chambers Court	1B Station Road , Chapeltown, Sheffield	S35 2XE
6509	Sheffield Hillsborough	Cavalry & Lancer Court, Hillsborough Barracks, 639-641 Penistone Road, Sheffield	S6 2GG
6750	Sheffield Woodhouse	Prospect House, Market Street, Woodhouse, Sheffield	S13 7QX
01682	Shepherds Bush	176-180 Uxbridge Road, Shepherds Bush, London	W12 7JP
10544	Shettleston	955 Shettleston Road, Shettleston, Glasgow	G32 7NY
5517	Shirebrook	233 Station Road, Shirebrook, Mansfield, Nottinghamshire	NG20 8AF
3505	Shirehampton	31-32 High Street, Shirehampton, Bristol	BS11 0DX
09665	Shotton	Civic Centre Complex, Wepre Drive, Connah's Quay, Deeside	CH5 4HA
4551	Shrewsbury	Princess House, 17 - 19 The Square, Shrewsbury	SY1 1YA
01840	Sittingbourne	Roman House, 9 Roman Square, Sittingbourne	ME10 4BP
5644	Skegness	1A Wainfleet Road, Skegness, Lincolnshire	PE25 3PA
07688	Skelmersdale	Whelmar House, Southway, Skelmersdale	WN8 6NT
06733	Skipton	Unit C, Canal Walk, Keighley Road, Skipton	BD23 2DZ
5695	Sleaford	North Kesteven District Council, Kesteven Street, Sleaford, Lincolnshire	NG34 7DT
1784	Slough	Upton Lodge, 2A Yew Tree Road, Slough, Berkshire	SL1 2AQ
4582	Smethwick	Trinity House, High Street, Smethwick, West Midlands	B66 3AD
04614	Solihull	Park House, 74 New Road, Solihull, West Midlands	B91 3DR
8848	South Shields	Chapter Row, South Shields, Tyne and Wear	NE33 1BZ
01769	Southampton	St Cross House, 18 Bernard Street, Southampton, Hants	SO14 3PJ
01596	Southend	Dencora Court, Tylers Avenue, Southend-On-Sea	SS1 2AP
07705	Southport	Eastbank House, 68B Eastbank Street, Southport	PR8 1HF
8849	Southwick	Stoney Lane, Southwick, Sunderland, Tyne and Wear	SR5 2JB
5696	Spalding	South Holland District Council, Council Offices, Priory Road, Spalding	PE11 2XE
04642	Sparkhill	Heynesfield House, 10 Stoney Lane, Sparkhill, Birmingham	B12 8AF
06738	Spen Valley	411 Bradford Road, Liversedge, West Yorkshire	WF15 6DD
8850	Spennymoor	Barnfield Road, Spennymoor, Co Durham	DL16 6ND
10561	Springburn	200 Atlas Road, Springburn, Glasgow	G21 4DL
01672	St Albans	Beauver House, 6 Bricket Road, St Albans, Hertfordshire	AL1 3JU
10692	St Andrews	187 South Street, St Andrews	KY16 9EE
7701	St Annes	Westmorland House, 29-31 Orchard Road, Lytham St Annes, Lancashire	FY8 1YS
3555	St Austell	Treleaven House, 17 South Street, St Austell, Cornwall	PL25 5TY
7708	St Helens	Gregson House, 2 Central Street, St Helens, Merseyside	WA10 1UF
1509	St Marylebone	26-46 Lisson Grove, Marylebone, London	NW1 6TZ
4583	Stafford	St Chads Place, Stafford	ST16 2LR
1539	Staines	62 London Road, Staines, Middlesex,	TW18 4HB
05697	Stamford	13 St Johns Street, Stamford, Lincolnshire	PE9 2DB
08852	Stanley	2 Front Street, Stanley, Co Durham	DH9 0LT
5783	Staveley	Devonshire Building, Duke Street, Staveley, Chesterfield	S43 3NU
1694	Stevenage	38-44 The Forum, Stevenage, Herts	SG1 1EZ
10795	Stirling	South Lodge, 2 St Ninians Road, Stirling, Stirlingshire	FK8 2HF
7525	Stockport	Heron House, Wellington Street, Stockport, Cheshire	SK1 3BE
8553	Stockton	Daryl House, Bridge Road, Stockton-On-Tees, Cleveland	TS18 3BW
01629	Stockwell	Jebb House, 155-157 Clapham Road, London	SW9 0QQ
10762	Stornoway	2 Castle Street, Stornoway, Isle of Lewis	HS1 2BA
04730	Stourbridge	Scotland House, 169 Lower High Street, Stourbridge, West Midlands, West Midlands	DY8 1ES
2778	Stowmarket	49 Ipswich Street, Stowmarket, Suffolk	IP14 1AN
10601	Stranraer	10-12 St John Street, Stranraer	DG9 7EL
04616	Stratford-upon-Avon	Martin Raff House, Alcester Road, Stratford Upon Avon	CV37 9DA
1621	Stratford	Oates House, 1 Tramway Avenue, London	E15 4PN
1783	Streatham	Crown House, Station Approach, Streatham, London	SW16 6HW
07782	Stretford	Arndale House, Chester Road, Stretford, Manchester	M32 9ED
03759	Stroud	Unicorn House, Cornhill Shopping Centre, Stroud	GL5 2JT
02779	Sudbury	21 Borehamgate Precinct, Sudbury, Suffolk	CO10 2EG
8854	Sunderland	60-66 John Street, Sunderland, Tyne and Wear	SR1 1QT
04617	Sutton Coldfield	King Edward Court, 2 Railway Road, Sutton Coldfield	B73 6AY
01732	Sutton	Carew House, Railway Approach, Wallington, Surrey	SM6 0DX
5784	Swadlincote	7 The Delph Centre, Market Street, Swadlincote, Derbyshire	DE11 9DY
09854	Swansea	37-38 High Street, Swansea	SA1 1LS
03807	Swindon	Spring Garden House, Princes Street, Swindon, Wiltshire	SN1 2HY
04586	Tamworth	90 Saxon Mill Lane, Tamworth, Staffs	B79 7JJ
03701	Taunton	Brendon House, 35-36 High Street, Taunton, Somerset,	TA1 3NY
4549	Telford	Telford House, Southwater Way, Town Centre, Telford, Shropshire	TF3 4PD
03761	Tewkesbury	Council Offices, Gloucester Road, Tewkesbury	GL20 5TT
2558	Thetford	Breckland District Council, St Nicholas Street, Thetford, Norfolk	IP24 2BT
8803	Thornaby	Ingram House, Allensway, Thornaby, Stockton on Tees	TS17 9HA
06742	Thorne	Orchard Street, Thorne, South Yorkshire	DN8 5EQ
01557	Thornton Heath	72 High Street, Thornton Heath, Surrey	CR7 8YY
4587	Tipton	69 Owen Street, Tipton, West Midlands	DY4 8ES
3598	Tiverton	Phoenix House, Phoenix Lane, Tiverton	EX16 6FF
06743	Todmorden	27-31 Adelaide Street, Todmorden, Lancashire	OL14 5HT
1842	Tonbridge	Crown Building, Bradford Street, Tonbridge, Kent	TN9 1DU
9855	Tonypandy	Thistle House, Lwynypia Road, Tonypandy, Mid Glamorgan,	CF40 2EP
3599	Torquay	Regal House, Castle Circus, Devon, Torquay	TQ1 3JQ
3601	Totnes	Follaton House, Plymouth Road, Totnes	TQ9 5EZ
1540	Tottenham	640-656 High Road, Tottenham, London,	N17 0AA
7676	Toxteth	High Park House, 7 High Park Street, Liverpool, Merseyside	L8 8DY
9858	Treorchy	Oldway House, Bute Street, Treorchy	CF42 6TE
03804	Trowbridge	Aplin House, Bythesea Road, Trowbridge	BA14 8XR
3562	Truro	Lemon Quay House, Lemon Quay, Truro, Cornwall	TR1 2PU
1733	Twickenham	Chatsworth House, 59-63 London Road, Twickenham, Middlesex	TW1 3SZ
07552	Upton	52 Arrowe Park Road, Upton, Wirral, Merseyside	CH49 0UE
1541	Uxbridge	Units 22-26, Market Square, The Pavilions Shopping Centre, Uxbridge	UB8 1LH
6744	Wakefield	Crowther House, Thornhill Street, Wakefield	WF1 1PL
8889	Wallsend	Hadrian House, Station Road, Wallsend, Tyne and Wear	NE28 6HP
4635	Walsall Bayard House	Lichfield Street, Walsall	WS1 1SP
4589	Walsall Bridle Court	1-5 Hatherton Road, Walsall	WS1 1XR
01697	Waltham Cross	235 High Street, Waltham Cross, Herts	EN8 7BA
4695	Walthamstow Forest Road	Dansom House, 656a Forest Road, Walthamstow	E17 3SH
01639	Walthamstow	7-13 Westbury Road, Walthamstow	E17 6RH
1735	Wandsworth	29 Hardwicks Square, Wandsworth, London	SW18 4AL
07713	Warrington	Nolan House, 10 Mersey Street, Warrington	WA1 2BL
8855	Washington	Pennine House, Town Centre, Washington, Tyne and Wear	NE37 1LY
04618	Washwood Heath	295 Washwood Heath, Washwood Heath, Birmingham	B8 2XX
01673	Watford	Exchange House, 60 Exchange Road, Watford, Herts	WD18 0JJ
5532	Wellingborough	Lothersdale House, West Villa Road, Wellingborough, Northamptonshire	NN8 4NE
03704	Wells	46 Chamberlain Street, Wells, Somerset	BA5 2PJ
9683	Welshpool	New Dolanog House, Severn Road, Welshpool,	SY21 7AP
1573	Wembley	6 St Johns Road, Wembley, Middlesex	HA9 7JD
4591	West Bromwich	Christchurch House, High Street, West Bromwich	B70 8LG
7720	West Derby	Springfield House, 416 Eaton Road, Liverpool, Merseyside	L12 3HT
10887	Wester Hailes	Murrayburn House, Westside Plaza, Edinburgh	EH14 2SP
03705	Weston Super Mare	Regent House, High Street	BS23 1JH
1719	Weybridge	Fortune House, 7-13 Monument Hill, Weybridge, Surrey	KT13 8RX
03780	Weymouth	Westwey House, Westwey Road, Weymouth, Dorset	DT4 8TG
6797	Whitby	6 Bobbies Bank, Whitby	YO21 1QZ
4554	Whitchurch	Green End Parade, Whitchurch, Shropshire	SY13 1AG
08513	Whitehaven	The Copeland Centre, Catherine Street, Whitehaven, Cumbria	CA28 7SJ
10661	Wick	Caithness House, Market Square, Wick	KW1 4HJ
07716	Widnes	2 Kingsway House, Caldwell Road, Widnes, Cheshire,	WA8 7EA
7717	Wigan	Brocol House, 71-73 King Street, Wigan	WN1 1EA
4592	Willenhall	Upper Lichfield Street, Willenhall	WV13 1DH
1698	Winchester	City Gate, 8 City Road, Winchester	SO23 8GA
07529	Winsford	Wyvern House, The Drumber, Winsford	CW7 1AH
2744	Wisbech	Albion House, Albion Place, Wisbech	PE13 1AN
01745	Witham	2-3 Freebournes Court, Newland Street, Witham, Essex	CM8 2BL
01699	Witney	Unit A, Two Rivers Trading Est., Station Lane, Witney, Oxon	OX28 4JA
1720	Woking	Civic Office, Gloucester Square, Woking	GU21 6AR
04641	Wolverhampton Chapel Court	Queen Street, Wolverhampton	WV1 3AF
04593	Wolverhampton Molineux House	Molineux House, Temple Street, Wolverhampton, West Midlands	WV2 4AU
06749	Wombwell	19 Kings Road, Wombwell, Barnsley, S Yorks	S73 0JE
1544	Wood Green	Granta House, 1 Western Road, London	N22 6UU
2781	Woodbridge	59 Thoroughfare, Woodbridge, Suffolk	IP12 1AJ
1524	Woolwich	Nelson House, 50 Wellington Street, Woolwich, London	SE18 6PY
4732	Worcester	Vine House, Farrier Street, Worcester	WR1 1EL
08515	Workington	Simon House, 197 - 199 Vulcan Lane, Workington, Cumbria	CA14 2BW
05666	Worksop	Queen's Building, Potter Street, Worksop, Nottinghamshire	S80 2AQ
7712	Worsley	5-6 Worsley Court, High Street, Walkden, Manchester	M28 3AD
1812	Worthing	Crown House, High Street, Worthing, Sussex	BN11 1NG
09673	Wrexham	Ty Maelor, 15 - 17 Grosvenor Road, Wrexham	LL11 1BW
7526	Wythenshawe	Forum Trust Complex, Forum Square, Wythenshawe	M22 5RX
04600	Yardley	1630 Coventry Road, Yardley, Birmingham	B26 1AW
3757	Yate	39 South Parade, Yate Town Shopping Centre, Yate	BS37 4BB
03706	Yeovil	Federated House, 29-31 Henford, Yeovil, Somerset	BA20 1UU
06752	York Monkgate	11-17 Monkgate, York	YO31 7JZ
9679	Ystradgynlais	Wind Road, Ystradgynlais, Swansea	SA9 1AB